"Domain","Category","Total Audience","Potential Audience","Audience Overlap, %","Audience Overlap"
"irochi.com","n/a","802745","0","3.31%","26586"
"fnsart.in","n/a","802745","0","3.31%","26586"
"procol.in","n/a","804816","2071","3.3%","26586"
"silenthillsresort.com","n/a","806019","3274","3.3%","26586"
"lmtco.com","运输和物流","808452","5707","3.29%","26586"
"tomtomskybar.com","n/a","829331","26586","3.21%","26586"
"tallymobile.app","n/a","829786","27041","3.2%","26586"
"qudify.co","n/a","862541","59796","3.08%","26586"
"bizanalyst.in","信息科技,在线服务,计算机软件和开发","870357","67612","3.05%","26586"
"wheelseye.com","金融,运输和物流","895138","92393","2.97%","26586"
"veredasdelmarpr.com","n/a","802745","0","2.84%","22826"
"tes-amm.com","信息科技","802745","0","2.84%","22826"
"sorel.co","n/a","802745","0","2.84%","22826"
"momohroyalfamily.com.ng","n/a","802745","0","2.84%","22826"
"impulsoboricua.com","n/a","802745","0","2.84%","22826"
"freshwaters.ca","n/a","802745","0","2.84%","22826"
"framaspace.org","n/a","802745","0","2.84%","22826"
"fedextrackgenv2.py","n/a","802745","0","2.84%","22826"
"executivehomesearch.com","n/a","802745","0","2.84%","22826"
"do-not-reply.com","n/a","802745","0","2.84%","22826"
"beachsidehomerenos.com","n/a","802745","0","2.84%","22826"
"inflnrclick.com","n/a","802746","1","2.84%","22826"
"miramelinda-pr.com","n/a","803989","1244","2.84%","22826"
"requires.io","计算机软件和开发,在线服务","804032","1287","2.84%","22826"
"messagecommunications.com","电信","804123","1378","2.84%","22826"
"charm.com","生物技术","804616","1871","2.84%","22826"
"passwordsafe.app","计算机软件和开发,在线服务","804867","2122","2.84%","22826"
"fresco.com","包装和容器,机械","805525","2780","2.83%","22826"
"moneybuy.cc","n/a","805784","3039","2.83%","22826"
"walmartcareerswithamission.com","在线服务","806780","4035","2.83%","22826"
"bigjamaica.com","n/a","807019","4274","2.83%","22826"
"ramjackflorida.com","n/a","807196","4451","2.83%","22826"
"aviation-edge.com","航空业,信息科技","807727","4982","2.83%","22826"
"hellorep.ai","n/a","808065","5320","2.82%","22826"
"chicindress.com","在线服务","808083","5338","2.82%","22826"
"broadwaysd.com","表演艺术,娱乐","809628","6883","2.82%","22826"
"sktes.com","n/a","809635","6890","2.82%","22826"
"frama.space","n/a","811723","8978","2.81%","22826"
"cody.md","n/a","814004","11259","2.8%","22826"
"mendiak.net","大众媒体","819466","16721","2.79%","22826"
"fmphost.com","信息科技,计算机软件和开发","823276","20531","2.77%","22826"
"framatube.org","在线服务,大众媒体","824662","21917","2.77%","22826"
"wellcareca.com","n/a","825683","22938","2.76%","22826"
"vscyberhosting.com","n/a","828550","25805","2.75%","22826"
"home.kpmg","会计和审计","828749","26004","2.75%","22826"
"2kmovies.cc","n/a","829122","26377","2.75%","22826"
"ccgen.co","n/a","830010","27265","2.75%","22826"
"apihotelexpress.com","n/a","833138","30393","2.74%","22826"
"gomuddy.com","体育用品,零售","836004","33259","2.73%","22826"
"wcom.me","n/a","978232","175487","2.72%","26586"
"gettemplatesfast.com","n/a","841224","38479","2.71%","22826"
"theflowershopusa.com","n/a","859224","56479","2.66%","22826"
"dot.net","计算机软件和开发,信息科技,在线服务","860957","58212","2.65%","22826"
"poeditor.com","外语,信息科技,计算机软件和开发","865321","62576","2.64%","22826"
"abp.io","计算机软件和开发,信息科技","868676","65931","2.63%","22826"
"comnetcomm.com","n/a","871748","69003","2.62%","22826"
"miabellebaby.com","服装和时尚,零售","872055","69310","2.62%","22826"
"bbbprograms.org","n/a","873448","70703","2.61%","22826"
"cloudsecurityalliance.org","信息科技","873465","70720","2.61%","22826"
"clasificadospr.com","在线服务,房地产,汽车","873482","70737","2.61%","22826"
"unstablegames.com","零售","875488","72743","2.61%","22826"
"tincupwhiskey.com","红酒和白酒,零售,食品与饮料","878025","75280","2.6%","22826"
"lgndsupplyco.com","n/a","880599","77854","2.59%","22826"
"speechtext.ai","信息科技,计算机软件和开发,外语","881831","79086","2.59%","22826"
"penair.org","银行,金融","882284","79539","2.59%","22826"
"sticpay.com","金融,银行","887017","84272","2.57%","22826"
"advantageamerican.org","n/a","890230","87485","2.56%","22826"
"034motorsport.com","汽车","904479","101734","2.52%","22826"
"tugbbs.com","酒店,旅行和旅游","926368","123623","2.46%","22826"
"accessibe.com","信息科技,在线服务","945995","143250","2.41%","22826"
"fsf.org","计算机软件和开发,信息科技","951269","148524","2.4%","22826"
"cinepic.com.ve","n/a","957215","154470","2.38%","22826"
"sorel.com","零售,服装和时尚","966352","163607","2.36%","22826"
"uytur.com","n/a","977265","174520","2.34%","22826"
"smartsecurity-app.com","n/a","987301","184556","2.31%","22826"
"regexr.com","计算机软件和开发,信息科技","1018692","215947","2.27%","23135"
"w3c.github.io","n/a","1020610","217865","2.24%","22826"
"thefrugalconsumer.com","n/a","1032104","229359","2.21%","22826"
"pubtailer.com","n/a","1038937","236192","2.2%","22826"
"eradh.sa","n/a","802745","0","2.18%","17497"
"tvshows4mobile.org","n/a","1047704","244959","2.18%","22826"
"ccwater.no","n/a","803713","968","2.18%","17497"
"loopcatering.dk","n/a","802745","0","2.18%","17464"
"tfaseel.com","n/a","804788","2043","2.17%","17497"
"leen.sa","n/a","805168","2423","2.17%","17497"
"qisesses.com","n/a","805207","2462","2.17%","17497"
"olea-kitchenandbar.dk","n/a","803850","1105","2.17%","17464"
"iescape.pl","n/a","804314","1569","2.17%","17464"
"youtube-downloader.cc","n/a","1052640","249895","2.17%","22826"
"restaurantcinco.dk","n/a","807165","4420","2.16%","17464"
"solar-installer-jobs-eu-ka.today","n/a","807429","4684","2.16%","17464"
"bclub.cm","n/a","1061817","259072","2.15%","22826"
"hadaidi.com","在线服务","814298","11553","2.15%","17497"
"blockworks.co","金融","1063948","261203","2.15%","22826"
"tijareti.com","n/a","815762","13017","2.14%","17497"
"emgarms.com","体育用品,零售","819539","16794","2.13%","17464"
"sada.edu.sa","n/a","824753","22008","2.12%","17497"
"adspostx.com","n/a","1077136","274391","2.12%","22826"
"wallstreetenglish.edu.sa","知识","838076","35331","2.09%","17497"
"specnaarms.com","n/a","836883","34138","2.09%","17464"
"goldencollections.net","n/a","840286","37541","2.08%","17497"
"hardballshoppen.dk","零售,体育用品","851604","48859","2.05%","17464"
"battlehawkarmory.com","n/a","1115439","312694","2.05%","22826"
"jic.edu.sa","知识","859715","56970","2.04%","17497"
"review-plus.com","消费类电子产品,电信,零售","862672","59927","2.03%","17497"
"miniinthebox.com","零售,消费类电子产品","865205","62460","2.02%","17497"
"jgwentworth.com","金融,法律","1141537","338792","2%","22826"
"feedmob.com","n/a","1142115","339370","2%","22826"
"satana.dk","零售","874619","71874","2%","17464"
"tvseries.in","n/a","1143640","340895","2%","22826"
"metropcs.com","电信","1152981","350236","1.98%","22826"
"ninja.kiwi","n/a","1166057","363312","1.96%","22826"
"privacysandbox.com","在线服务,信息科技","1175833","373088","1.94%","22826"
"shoplc.com","珠宝和奢侈品,零售","1180312","377567","1.93%","22826"
"honda-mideast.com","汽车","915629","112884","1.91%","17497"
"elvocero.com","报纸,大众媒体","1199238","396493","1.9%","22826"
"alfeker.net","大众媒体,在线服务","932950","130205","1.88%","17497"
"icruise.com","旅行和旅游","1219851","417106","1.87%","22826"
"lalandia.dk","旅行和旅游,酒店","940975","138230","1.86%","17464"
"hondasaudi.com","汽车","944147","141402","1.85%","17497"
"primerica.com","金融","1231737","428992","1.85%","22826"
"inboxhomescreen.com","n/a","1238914","436169","1.84%","22826"
"curve-crafts.com","n/a","1246572","443827","1.83%","22826"
"lightpdf.com","计算机软件和开发,信息科技","1256429","453684","1.82%","22826"
"qudurat.com","n/a","964419","161674","1.81%","17497"
"shopify.dev","在线服务,计算机软件和开发,信息科技","1267458","464713","1.8%","22826"
"elmonsf.com","n/a","972886","170141","1.8%","17497"
"yatradham.org","旅行和旅游","1480821","678076","1.8%","26586"
"roundtablepizza.com","餐饮,食品与饮料","1277067","474322","1.79%","22826"
"hadafakvideos.com","n/a","982942","180197","1.78%","17497"
"virginia.org","政府","1300714","497969","1.75%","22826"
"o2tv.org","n/a","1303197","500452","1.75%","22826"
"cashbee.co.kr","在线服务","1470228","667483","1.7%","25054"
"carbonite.com","信息科技,计算机软件和开发","1345733","542988","1.7%","22826"
"rpptrk.com","n/a","1347981","545236","1.69%","22826"
"dalilk4ielts.com","在线服务,知识","1034111","231366","1.69%","17497"
"cohesity.com","信息科技,计算机软件和开发","1355557","552812","1.68%","22826"
"samsungbrasil.net","n/a","802745","0","1.68%","13496"
"revistapsicologiaclinica.org","n/a","802745","0","1.68%","13496"
"malandrinhas.nr","n/a","802745","0","1.68%","13496"
"embremac.com.br","n/a","802745","0","1.68%","13496"
"web-sites.pt","在线服务","802777","32","1.68%","13496"
"netcine.vc","n/a","802840","95","1.68%","13496"
"litoraneadistribuidora.com.br","n/a","803225","480","1.68%","13496"
"designfeitoamao.com.br","在线服务","803225","480","1.68%","13496"
"clinicasulmineiratomosul.com.br","n/a","803225","480","1.68%","13496"
"cindumel.com.br","n/a","803225","480","1.68%","13496"
"bukone.com.br","n/a","803275","530","1.68%","13496"
"podcastle.ai","在线服务,大众媒体","1358631","555886","1.68%","22826"
"unipract.com.br","n/a","803403","658","1.68%","13496"
"campolacanianosp.com.br","n/a","803403","658","1.68%","13496"
"suspensys.com","汽车","803651","906","1.68%","13496"
"oticaschapeco.com.br","n/a","803707","962","1.68%","13496"
"iabv.com.br","n/a","804363","1618","1.68%","13496"
"rainhastragicas.com","在线服务","804919","2174","1.68%","13496"
"ronildoequipadora.com.br","n/a","804942","2197","1.68%","13496"
"caprigem.com.br","汽车","805145","2400","1.68%","13496"
"molasnoma.com.br","汽车","805814","3069","1.67%","13496"
"brskins.gg","n/a","806480","3735","1.67%","13496"
"farol.edu.br","知识","807124","4379","1.67%","13496"
"tamasapsicologia.com.br","n/a","807994","5249","1.67%","13496"
"bhgames.com.br","n/a","810184","7439","1.67%","13496"
"hodriniautopecas.com.br","n/a","811176","8431","1.66%","13496"
"dipecarr.com.br","零售,汽车","811895","9150","1.66%","13496"
"sorasa.com.br","汽车,零售","814464","11719","1.66%","13496"
"malandrinhas.ne","n/a","816241","13496","1.65%","13496"
"funneltools.com.br","n/a","816385","13640","1.65%","13496"
"malandrinhas.net","n/a","817326","14581","1.65%","13496"
"contosgays.net","n/a","817781","15036","1.65%","13496"
"ordemdafenixbrasileira.com","在线服务","818088","15343","1.65%","13496"
"psicoeduca.com.br","知识","818399","15654","1.65%","13496"
"hollywoodforevertv.com.br","n/a","820057","17312","1.65%","13496"
"casakose.com.br","n/a","820772","18027","1.64%","13496"
"playtubemais.com","n/a","821932","19187","1.64%","13496"
"alertarolim.com.br","n/a","822290","19545","1.64%","13496"
"cargobr.com","运输和物流","823786","21041","1.64%","13496"
"livroselivros.com.br","零售,出版","824959","22214","1.64%","13496"
"grupoautentica.com.br","出版,知识","827683","24938","1.63%","13496"
"icesp.br","知识","828067","25322","1.63%","13496"
"escortsaovivo.com","n/a","828181","25436","1.63%","13496"
"downloader.bot","n/a","1076556","273811","1.63%","17497"
"skeelo.app","n/a","830890","28145","1.62%","13496"
"cbk.com.br","知识","832756","30011","1.62%","13496"
"blogdoamarildo.com.br","n/a","833367","30622","1.62%","13496"
"superflixbr.org","n/a","833652","30907","1.62%","13496"
"appsecretspy.com","n/a","834756","32011","1.62%","13496"
"furrloveov.best","n/a","1412424","609679","1.62%","22826"
"hiperstream.com","计算机软件和开发,信息科技","835483","32738","1.62%","13496"
"rainhadoscontos.com","n/a","836079","33334","1.61%","13496"
"planetafolha.com.br","在线服务","836266","33521","1.61%","13496"
"qczukeud.com","n/a","837647","34902","1.61%","13496"
"didigalvao.com.br","n/a","838333","35588","1.61%","13496"
"studybaybrasil.club","n/a","839198","36453","1.61%","13496"
"banhospoderosos.info","在线服务","839258","36513","1.61%","13496"
"payme.vn","n/a","822816","20071","1.6%","13196"
"acasadosmacacos.com.br","零售,机械","842058","39313","1.6%","13496"
"opn.to","在线服务","1096435","293690","1.6%","17570"
"dalilk.link","n/a","1092675","289930","1.6%","17497"
"gfm-customer.web.app","n/a","843307","40562","1.6%","13496"
"numismaticacastro.com.br","n/a","843822","41077","1.6%","13496"
"tsmx.com.br","n/a","845443","42698","1.6%","13496"
"altoastral.com.br","在线服务","845897","43152","1.6%","13496"
"dalilk4english.com","n/a","1097444","294699","1.59%","17497"
"colorswitch.co","在线服务,大众媒体","1099094","296349","1.59%","17497"
"hogrefe.com.br","n/a","851890","49145","1.58%","13496"
"bookplay.com.br","在线服务","852792","50047","1.58%","13496"
"andelenergi.dk","n/a","1107337","304592","1.58%","17464"
"fzstudios.app","在线服务","1454864","652119","1.57%","22826"
"url.gratis","在线服务,信息科技","861262","58517","1.57%","13496"
"tcam.kr","n/a","802745","0","1.56%","12527"
"rworld.kr","n/a","802745","0","1.56%","12527"
"daesungmarket.com","n/a","802745","0","1.56%","12527"
"ppwdoc.co.kr","n/a","802772","27","1.56%","12527"
"moonja.net","n/a","802772","27","1.56%","12527"
"mit.or.kr","n/a","802772","27","1.56%","12527"
"h-5520.com","n/a","802772","27","1.56%","12527"
"dietforukoreaband.kr","n/a","802952","207","1.56%","12527"
"feely.co.kr","n/a","804129","1384","1.56%","12527"
"withplayers.com","n/a","804433","1688","1.56%","12527"
"vizerhd.red","n/a","867500","64755","1.56%","13496"
"nuget.org","计算机软件和开发,信息科技","1469220","666475","1.55%","22826"
"lightroom.kr","n/a","809046","6301","1.55%","12527"
"portalwheeling.com.br","在线服务,零售","873912","71167","1.54%","13496"
"hitee.co.kr","n/a","811535","8790","1.54%","12527"
"happisurvey.com","n/a","815272","12527","1.54%","12527"
"yakult.co.kr","在线服务","815327","12582","1.54%","12527"
"supertela.dev","n/a","880927","78182","1.53%","13496"
"sjajeju.kr","知识","817691","14946","1.53%","12527"
"square-community.com.au","n/a","820042","17297","1.53%","12527"
"ston.fi","n/a","1588361","785616","1.53%","24231"
"hondabigwing.in","汽车","1148231","345486","1.52%","17497"
"istay.io","n/a","824150","21405","1.52%","12527"
"trustage.com","保险,银行,金融","1503013","700268","1.52%","22826"
"accesshelptoday.com","n/a","1504839","702094","1.52%","22826"
"songdosoon.com","n/a","827799","25054","1.51%","12527"
"sungjinhds.com","n/a","828232","25487","1.51%","12527"
"applyto.kr","n/a","830221","27476","1.51%","12527"
"fujifilm-korea.co.kr","n/a","832745","30000","1.5%","12527"
"n-survey.co.kr","n/a","834199","31454","1.5%","12527"
"luxurygallery.co.kr","n/a","840196","37451","1.49%","12527"
"brainstorm.academy","远程学习,知识,培训和认证","911584","108839","1.48%","13496"
"artgy.or.kr","n/a","846428","43683","1.48%","12527"
"thedeliveryconference.com","运输和物流","802745","0","1.48%","11871"
"snackrite.com.au","n/a","802745","0","1.48%","11871"
"simpsonsremovalsmcr.co.uk","n/a","802745","0","1.48%","11871"
"salty.fashion","n/a","802745","0","1.48%","11871"
"pluralstrategy.com","咨询","802745","0","1.48%","11871"
"db.co.uk","n/a","802745","0","1.48%","11871"
"attractsuperconfidence.com","n/a","802746","1","1.48%","11871"
"fromtoday.co.uk","n/a","802857","112","1.48%","11871"
"123work.net","n/a","802858","113","1.48%","11871"
"blackmontconsulting.com","n/a","802916","171","1.48%","11871"
"eyadventureawaits.co.uk","n/a","802923","178","1.48%","11871"
"foodstrategy.co.uk","出版","802938","193","1.48%","11871"
"investalert.ai","n/a","802939","194","1.48%","11871"
"3horizons.com","n/a","802957","212","1.48%","11871"
"thirdeyeconsulting.co.uk","n/a","802976","231","1.48%","11871"
"rmp-connect.com","政府","803138","393","1.48%","11871"
"jobarz.com","n/a","803200","455","1.48%","11871"
"onlinejob247.com","n/a","803221","476","1.48%","11871"
"closenesshistorian.com","n/a","803637","892","1.48%","11871"
"faceconference.com","n/a","803667","922","1.48%","11871"
"giftbagshop.co.uk","包装和容器,零售","803694","949","1.48%","11871"
"genwise.club","n/a","803733","988","1.48%","11871"
"billclarkbugsperts.com","客户服务,生态和环境","803794","1049","1.48%","11871"
"aldstg2wfecmwa.azurewebsites.net","n/a","804123","1378","1.48%","11871"
"mandeepautoindustries.com","n/a","804273","1528","1.48%","11871"
"cex.events","n/a","804427","1682","1.48%","11871"
"cromaskincareshop.com","n/a","804555","1810","1.48%","11871"
"co-operativebankjobs.co.uk","n/a","804558","1813","1.48%","11871"
"moainstitute.com","n/a","804643","1898","1.48%","11871"
"internshipshedge.com","n/a","804902","2157","1.47%","11871"
"huntsmanpestcontrol.co.uk","n/a","804948","2203","1.47%","11871"
"metyis.com","在线服务","805488","2743","1.47%","11871"
"netcine.tf","n/a","915933","113188","1.47%","13496"
"antonimos.com.br","知识","916889","114144","1.47%","13496"
"bcgbrighthouse.com","n/a","806494","3749","1.47%","11871"
"caliz777.com","n/a","851184","48439","1.47%","12527"
"delta-cgi.com","法律","806728","3983","1.47%","11871"
"yonderconsulting.com","市场研究,计算机软件和开发,信息科技","806874","4129","1.47%","11871"
"q5partners.com","n/a","807042","4297","1.47%","11871"
"mill-all.com","n/a","807745","5000","1.47%","11871"
"news-beacon.cc","n/a","1809431","1006686","1.47%","26586"
"247internshipspro.com","n/a","808202","5457","1.47%","11871"
"blackstoneproducts.com","零售,食品与饮料","1554807","752062","1.47%","22826"
"internshipsguru.online","n/a","809057","6312","1.47%","11871"
"linkgurd.site","n/a","809066","6321","1.47%","11871"
"lustdownloader.site","n/a","809606","6861","1.47%","11871"
"scamalytics.com","在线服务,信息科技,电信","1556984","754239","1.47%","22826"
"malt.uk","n/a","809827","7082","1.47%","11871"
"bcghendersoninstitute.com","n/a","811014","8269","1.46%","11871"
"mag-careers.com","n/a","811149","8404","1.46%","11871"
"bart.gov","政府,运输和物流","1561317","758572","1.46%","22826"
"mayconsulting.es","n/a","812395","9650","1.46%","11871"
"zoom.red","n/a","1563651","760906","1.46%","22826"
"deliver.events","在线服务","813547","10802","1.46%","11871"
"altmansolon.com","n/a","813630","10885","1.46%","11871"
"occstrategy.com","咨询,广告和营销","813753","11008","1.46%","11871"
"studentships.online","n/a","814357","11612","1.46%","11871"
"elixirr.com","信息科技,计算机软件和开发","814373","11628","1.46%","11871"
"clinicanasnuvens.com.br","计算机软件和开发,健康","926057","123312","1.46%","13496"
"khyaal.com","n/a","814919","12174","1.46%","11871"
"collinsongrant.com","n/a","815522","12777","1.46%","11871"
"fanfiction.com.br","在线服务,大众媒体,娱乐,知识","927209","124464","1.46%","13496"
"rkycareers.com","n/a","815690","12945","1.46%","11871"
"boris-software.com","建筑和维护","816012","13267","1.45%","11871"
"studentapprenticeships.co.uk","n/a","816059","13314","1.45%","11871"
"prugio-grandbleu.com","n/a","861321","58576","1.45%","12527"
"infolivros.org","知识,在线服务","928939","126194","1.45%","13496"
"unboxpizzanight.com","n/a","817410","14665","1.45%","11871"
"tikehaucapital.com","金融,投资,风险投资","817985","15240","1.45%","11871"
"proactuary.com","知识","818849","16104","1.45%","11871"
"bluegoose.co.uk","广告和营销","820158","17413","1.45%","11871"
"universocinema.com.br","n/a","932565","129820","1.45%","13496"
"forecruit-elite.com","n/a","821397","18652","1.45%","11871"
"knoops.co.uk","食品与饮料","821417","18672","1.45%","11871"
"himart.co.kr","n/a","867426","64681","1.44%","12527"
"gsdcouncil.org","信息科技,培训和认证,知识","823207","20462","1.44%","11871"
"bonsaiprolink.site","n/a","823433","20688","1.44%","11871"
"getfeedback.com","计算机软件和开发,在线服务,信息科技","1583816","781071","1.44%","22826"
"likesyou.org","在线服务,大众媒体","825417","22672","1.44%","11871"
"vinaphoneplus.com.vn","n/a","917785","115040","1.44%","13196"
"3i.com","n/a","826186","23441","1.44%","11871"
"studentladder.co.uk","n/a","826289","23544","1.44%","11871"
"fazersexo.com","n/a","940490","137745","1.43%","13496"
"tallysolutions.com","计算机软件和开发,会计和审计,金融","1854386","1051641","1.43%","26586"
"londonschoolofbarbering.com","知识,客户服务","828209","25464","1.43%","11871"
"lightningboltcareers.com","n/a","829688","26943","1.43%","11871"
"evepaper.com","n/a","829946","27201","1.43%","11871"
"onlinejobsuk.xyz","n/a","830195","27450","1.43%","11871"
"nordiccapital.com","n/a","830319","27574","1.43%","11871"
"accessipos.com","金融,大众媒体","830513","27768","1.43%","11871"
"helpwhereyouare.com","n/a","830942","28197","1.43%","11871"
"internsgrab.com","n/a","831513","28768","1.43%","11871"
"hobbitbobbit.com","n/a","1863051","1060306","1.43%","26586"
"krfunnyissue.co.kr","n/a","878551","75806","1.43%","12527"
"savecobradford.co.uk","食品与饮料,零售,在线服务","832566","29821","1.43%","11871"
"ambertrack.global","n/a","833969","31224","1.42%","11871"
"fzmovies.live","n/a","1604250","801505","1.42%","22826"
"internshipsworld.net","n/a","834343","31598","1.42%","11871"
"beauhurst.com","n/a","834516","31771","1.42%","11871"
"clark.com","大众媒体,在线服务","1605711","802966","1.42%","22826"
"internshipsphere.com","n/a","836646","33901","1.42%","11871"
"fantasticpestcontrol.co.uk","客户服务,生态和环境","836710","33965","1.42%","11871"
"pobreflix.nu","n/a","951341","148596","1.42%","13496"
"kimirica.shop","美容和化妆,零售,在线服务","838950","36205","1.41%","11871"
"huzzle.app","n/a","839252","36507","1.41%","11871"
"haldiramuk.com","n/a","840922","38177","1.41%","11871"
"dco8qpr7cjqmu.cloudfront.net","n/a","843909","41164","1.41%","11871"
"simon-kucher.com","咨询","844693","41948","1.41%","11871"
"ratemyplacement.co.uk","知识,在线服务","845305","42560","1.4%","11871"
"oyaop.com","知识,非营利组织","845325","42580","1.4%","11871"
"sianet.net.pe","n/a","806563","3818","1.4%","11312"
"filebogo.com","n/a","893197","90452","1.4%","12527"
"maginfrastructure.com","n/a","847852","45107","1.4%","11871"
"arthgyaan.com","n/a","847906","45161","1.4%","11871"
"givemecosmetics.com","美容和化妆,零售","848327","45582","1.4%","11871"
"graduate-jobs.com","招聘和人员配备,大众媒体","849001","46256","1.4%","11871"
"social.link","n/a","965268","162523","1.4%","13496"
"med24.dk","零售,制药","1251205","448460","1.4%","17464"
"rgs.org","知识,出版","851729","48984","1.39%","11871"
"pinnaxis.com","n/a","1642075","839330","1.39%","22826"
"gentok.net","n/a","908450","105705","1.38%","12527"
"orderpay.com","n/a","860907","58162","1.38%","11871"
"dominosrecruitment.co.uk","在线服务,餐饮","861496","58751","1.38%","11871"
"deutsche-boerse.com","金融","862324","59579","1.38%","11871"
"amway.co.kr","零售","910298","107553","1.38%","12527"
"milkround.com","招聘和人员配备,大众媒体","864196","61451","1.37%","11871"
"clubevapor.com","n/a","984822","182077","1.37%","13496"
"wordsquare.org","n/a","916903","114158","1.37%","12527"
"magairports.com","航空业,运输和物流","871819","69074","1.36%","11871"
"consultancy.uk","咨询","873341","70596","1.36%","11871"
"open.go.kr","政府","922571","119826","1.36%","12527"
"everyonein.co.uk","n/a","874269","71524","1.36%","11871"
"wornontv.net","大众媒体,娱乐","996118","193373","1.35%","13496"
"myconsultingoffer.org","咨询,知识","876600","73855","1.35%","11871"
"unisuam.edu.br","知识","997363","194618","1.35%","13496"
"drogalider.com.br","零售","997493","194748","1.35%","13496"
"8link.cc","n/a","1294241","491496","1.35%","17497"
"group.softbank","n/a","878739","75994","1.35%","11871"
"ukvisajobs.com","n/a","886194","83449","1.34%","11871"
"i-movo.com","在线服务","886269","83524","1.34%","11871"
"go-forth.com","客户服务,生态和环境,设施服务","887843","85098","1.34%","11871"
"takepartinresearch.co.uk","市场研究,科技","888592","85847","1.34%","11871"
"cynergybank.co.uk","银行,金融","889759","87014","1.33%","11871"
"lustesthd.fun","n/a","890592","87847","1.33%","11871"
"deloitte.co.uk","n/a","890793","88048","1.33%","11871"
"bomberosperu.gob.pe","政府","851135","48390","1.33%","11312"
"bnviit.com","n/a","942589","139844","1.33%","12527"
"oliverwyman.com","咨询","894370","91625","1.33%","11871"
"puig.com","零售","894804","92059","1.33%","11871"
"labusinessjournal.com","出版,报纸","898526","95781","1.32%","11871"
"superflix.love","n/a","1022146","219401","1.32%","13496"
"wbs.ac.uk","知识","900515","97770","1.32%","11871"
"lek.com","咨询","901993","99248","1.32%","11871"
"graduatesfirst.com","知识,人力资源","903419","100674","1.31%","11871"
"fiduciascm.digital","n/a","1028067","225322","1.31%","13496"
"ff.com","n/a","905710","102965","1.31%","11871"
"authorbench.com","n/a","906063","103318","1.31%","11871"
"bdo.co.uk","会计和审计,金融","908681","105936","1.31%","11871"
"amazonstock.com","在线服务,金融,大众媒体","909622","106877","1.31%","11871"
"ebrd.com","进口和出口","910487","107742","1.3%","11871"
"pixeluniverse.com.br","n/a","1035720","232975","1.3%","13496"
"rolandberger.com","n/a","913740","110995","1.3%","11871"
"overflix.black","n/a","1038945","236200","1.3%","13496"
"everygoal.co.uk","n/a","915443","112698","1.3%","11871"
"dabagirl.co.kr","在线服务","967577","164832","1.29%","12527"
"globalgovernanceinitiative.org","知识","917812","115067","1.29%","11871"
"equinor.com","石油与天然气,可再生能源","919175","116430","1.29%","11871"
"tortilla.co.uk","餐饮,食品与饮料","922070","119325","1.29%","11871"
"buk.pe","n/a","879719","76974","1.29%","11312"
"dollarflightclub.com","旅行和旅游,航空业","923430","120685","1.29%","11871"
"justdancenow.com","n/a","1049899","247154","1.29%","13496"
"foxy.in","美容和化妆,在线服务,零售","923859","121114","1.28%","11871"
"kpmgcareers.co.uk","n/a","924624","121879","1.28%","11871"
"checkpoint.com","信息科技,计算机软件和开发","1781765","979020","1.28%","22826"
"darksidebooks.com.br","零售,大众媒体","1056102","253357","1.28%","13496"
"blog.youtube","在线服务,广告和营销","1792201","989456","1.27%","22826"
"amazonuniversity.jobs","在线服务","933583","130838","1.27%","11871"
"shl.uk","医疗保健,健康","933781","131036","1.27%","11871"
"hearheart.com","n/a","989324","186579","1.27%","12527"
"happytalkio.com","n/a","989802","187057","1.27%","12527"
"macroaxis.com","金融","938910","136165","1.26%","11871"
"motorbiscuit.com","汽车,在线服务,大众媒体","1810008","1007263","1.26%","22826"
"infodebolso.top","n/a","1072064","269319","1.26%","13496"
"alphasights.com","n/a","943388","140643","1.26%","11871"
"seriesonlinemax.to","n/a","1072981","270236","1.26%","13496"
"beapplied.com","计算机软件和开发,招聘和人员配备","944762","142017","1.26%","11871"
"starfield.co.kr","零售","998267","195522","1.25%","12527"
"career-inspiration.com","政府","946533","143788","1.25%","11871"
"tokensniffer.com","在线服务,大众媒体,信息科技","1004307","201562","1.25%","12527"
"namyangi.com","在线服务,大众媒体","1006569","203824","1.24%","12527"
"wahojobs.com","n/a","953867","151122","1.24%","11871"
"joblagii.com","n/a","955236","152491","1.24%","11871"
"freeprivacypolicy.com","信息科技,法律,在线服务","1838463","1035718","1.24%","22826"
"withinapi.com","n/a","1009813","207068","1.24%","12527"
"prod-darwin.com","n/a","957132","154387","1.24%","11871"
"cashslide.co.kr","在线服务","1015354","212609","1.23%","12527"
"ef.com.br","知识,远程学习,旅行和旅游","1095369","292624","1.23%","13496"
"trackingmore.com","运输和物流,邮件和包裹递送","1859894","1057149","1.23%","22826"
"superbolsobrasil.org","n/a","1101633","298888","1.23%","13496"
"mastercardservices.com","金融,信息科技,银行","969219","166474","1.22%","11871"
"dvinci-hr.com","在线服务","969349","166604","1.22%","11871"
"gmfinancial.com","汽车,金融","1866651","1063906","1.22%","22826"
"mottmac.com","土木工程","972451","169706","1.22%","11871"
"feedposting.com","n/a","1026828","224083","1.22%","12527"
"ccrs.or.kr","n/a","1026961","224216","1.22%","12527"
"overflix.dad","n/a","1109466","306721","1.22%","13496"
"qs.com","知识","976020","173275","1.22%","11871"
"shiaonlinelibrary.com","大众媒体,报纸,知识","1853090","1050345","1.2%","22302"
"celeb-news.site","n/a","2607798","1805053","1.19%","31049"
"coinone.co.kr","金融,在线服务","1052447","249702","1.19%","12527"
"casasbahia.digital","在线服务","1136209","333464","1.19%","13496"
"koyfin.com","金融","999561","196816","1.19%","11871"
"boliga.dk","房地产","1476110","673365","1.18%","17464"
"benchpromos.com.br","n/a","1142344","339599","1.18%","13496"
"workatastartup.com","计算机软件和开发,在线服务,风险投资","1005706","202961","1.18%","11871"
"smartr.in","n/a","1006240","203495","1.18%","11871"
"altapaysecure.com","n/a","1481839","679094","1.18%","17464"
"managementconsulted.com","咨询","1009287","206542","1.18%","11871"
"jposting.net","招聘和人员配备","1010605","207860","1.17%","11871"
"preplounge.com","咨询","1014674","211929","1.17%","11871"
"vedettequebec.com","大众媒体,报纸","879558","76813","1.16%","10241"
"theaviationgeekclub.com","航天和国防,航空业","1969520","1166775","1.16%","22826"
"interacty.me","在线服务,计算机软件和开发","1024923","222178","1.16%","11871"
"bc4.io","n/a","980257","177512","1.15%","11312"
"efinancialcareers.co.uk","金融,大众媒体","1030499","227754","1.15%","11871"
"escort.club","n/a","2169750","1367005","1.15%","24966"
"randstad.co.uk","招聘和人员配备","1031728","228983","1.15%","11871"
"paydollar.com","金融","1088759","286014","1.15%","12527"
"danbolig.dk","房地产","1519777","717032","1.15%","17464"
"uktaxcalculators.co.uk","会计和审计,金融","1034098","231353","1.15%","11871"
"group.bnpparibas","银行,金融","1035584","232839","1.15%","11871"
"lguplus.co.kr","n/a","1093563","290818","1.15%","12527"
"baixelivros.com.br","知识,出版","1179781","377036","1.14%","13496"
"sexoaovivo.org","n/a","1182356","379611","1.14%","13496"
"jobsatamazon.co.uk","n/a","1041063","238318","1.14%","11871"
"ufms.br","知识,政府","1191240","388495","1.13%","13496"
"infinityfreeapp.com","在线服务","1050303","247558","1.13%","11871"
"victoriassecret.in","n/a","1051084","248339","1.13%","11871"
"hostadviser.net","n/a","1051358","248613","1.13%","11871"
"recsolu.com","知识","1052102","249357","1.13%","11871"
"sephora.in","n/a","1055633","252888","1.12%","11871"
"llevar.soy","n/a","802745","0","1.12%","9021"
"extradatos.com","n/a","802898","153","1.12%","9021"
"suyu.com","n/a","802921","176","1.12%","9021"
"miprepa.digital","n/a","803238","493","1.12%","9021"
"airgsm.pro","n/a","803664","919","1.12%","9021"
"ccolon.org.mx","金融","805979","3234","1.12%","9021"
"ifc.org","进口和出口","1062011","259266","1.12%","11871"
"skeelo.com","n/a","1209064","406319","1.12%","13496"
"gwax.mx","n/a","808418","5673","1.12%","9021"
"lili.ly","n/a","1018448","215703","1.11%","11312"
"plumadewax.mx","n/a","812492","9747","1.11%","9021"
"gineser.mx","n/a","813146","10401","1.11%","9021"
"claudiaguerrero.mx","n/a","813300","10555","1.11%","9021"
"jobtestprep.co.uk","人力资源,知识","1071090","268345","1.11%","11871"
"bnymellon.com","金融,投资","1074468","271723","1.1%","11871"
"cartuchoswax.com","n/a","820187","17442","1.1%","9021"
"overflix.mov","n/a","1227223","424478","1.1%","13496"
"wusa9.com","大众媒体,报纸","2084260","1281515","1.1%","22826"
"dogyangee.com","n/a","1147008","344263","1.09%","12527"
"scale.com","计算机软件和开发,信息科技","1087219","284474","1.09%","11871"
"targetjobs.co.uk","在线服务,知识","1089081","286336","1.09%","11871"
"rentola.co.uk","房地产","1090201","287456","1.09%","11871"
"marshmclennan.com","n/a","1093188","290443","1.09%","11871"
"remootio.com","建筑和维护,零售","830944","28199","1.09%","9021"
"atrocidades18.net","n/a","1246512","443767","1.08%","13496"
"tiktrack.xyz","n/a","1249936","447191","1.08%","13496"
"versiones.com.mx","报纸,大众媒体,在线服务","836265","33520","1.08%","9021"
"jobzmall.com","n/a","1102300","299555","1.08%","11871"
"narasarang.or.kr","n/a","1164804","362059","1.08%","12527"
"mylgid.com","n/a","1165272","362527","1.08%","12527"
"dailyremote.com","招聘和人员配备,在线服务","1104796","302051","1.07%","11871"
"dkt.com.mx","健康,医疗保健","842180","39435","1.07%","9021"
"dateas.com","资讯,大众媒体","2137234","1334489","1.07%","22826"
"jbzdy.pl","n/a","897572","94827","1.06%","9554"
"team-saul.com","n/a","847782","45037","1.06%","9021"
"papajohns.com.pe","食品与饮料,餐饮","1068851","266106","1.06%","11312"
"classicfirearms.com","体育用品,零售","2157008","1354263","1.06%","22826"
"elnagar8.com","在线服务","814209","11464","1.06%","8616"
"salty.co.in","n/a","1122626","319881","1.06%","11871"
"getsafeonline.org","信息科技","1125825","323080","1.05%","11871"
"tiengiang.gov.vn","n/a","1265412","462667","1.04%","13196"
"jobs.barclays","招聘和人员配备,金融","1138611","335866","1.04%","11871"
"oneeden.com","n/a","808430","5685","1.04%","8381"
"integralmotion.es","汽车","809425","6680","1.04%","8381"
"masnoticias.mx","知识","871961","69216","1.03%","9021"
"diariodecolima.com","大众媒体,报纸","874843","72098","1.03%","9021"
"kantar.com","广告和营销,市场研究","1154794","352049","1.03%","11871"
"synaptics.com","计算机&电子产品,计算机软件","1101044","298299","1.03%","11312"
"millasparaelretiro.com","金融,报纸,大众媒体","878857","76112","1.03%","9021"
"indianeagle.com","航空业,旅行和旅游","1158704","355959","1.02%","11871"
"nordea.dk","金融,银行","1706142","903397","1.02%","17464"
"aihackbot.site","n/a","843044","40299","1.02%","8616"
"hirefrederick.com","健康","1006024","203279","1.02%","10241"
"buscalibre.ec","n/a","889917","87172","1.01%","9021"
"fzmovies.net","在线服务,娱乐","2298535","1495790","1.01%","23250"
"vaigroat.com","n/a","892740","89995","1.01%","9021"
"weddingbazaar.com","在线服务,活动服务","1175044","372299","1.01%","11871"
"lagged.com","计算机和视频游戏","2261996","1459251","1.01%","22826"
"theelitejob.com","n/a","1179066","376321","1.01%","11871"
"uvmnet.edu","知识","896830","94085","1.01%","9021"
"xd.com","在线服务","1245700","442955","1.01%","12527"
"getapp.com","计算机软件和开发,在线服务,信息科技","2274927","1472182","1%","22826"